Index,Feature,Botnet,DoS,MITM,Normal,Scanner,Brute force,Generic,Exploit,Infection
0,Src Port,1.449697368886587,0.8208853739669786,0.8934174806456866,1.0477553097903225,0.8907920990344623,1.2027971719018988,1.0236611037744061,0.8230826655755697,0.6988688600071773
1,Dst Port,2.7760760338238315,2.18605897833878,2.0075862884331777,2.349462176050447,2.8245790260913552,2.6544060495091237,2.4704631695539265,2.29590791757247,2.0307397250240777
2,Protocol,0.0011326355045773201,0.0005914756021485956,0.0008688036237211301,0.0009469078795539357,0.0003958815441803123,0.0012627018627181046,0.0013094509638556806,0.0007254264703884052,0.0003102469362924796
3,Flow Duration,6.917918793381313,6.653778301392639,10.877864396122362,8.712720488292636,5.136879446434411,6.223454906304179,7.122259838621069,7.3837800364664385,6.494449450508142
4,Tot Fwd Pkts,0.0003458957554957687,0.00039789395623473264,0.0005886243290886665,0.0005898739742035428,0.00033616140453313905,0.0003953766738872313,0.00032566684533716584,0.00035256772465496643,0.00034263944305698926
5,Tot Bwd Pkts,0.0006468386745695873,0.0004618127683581049,0.0004929850165305831,0.0009780716091655063,0.0005502847218662256,0.0006195050751690888,0.00048067322743262973,0.0004813891243700518,0.0005890955116560195
6,TotLen Fwd Pkts,0.02634277503427531,0.017245326455045708,0.02219903417008317,0.02164117779707173,0.009669127879295492,0.014917865268888844,0.008630551823244579,0.008865969570148038,0.015137449670664185
7,TotLen Bwd Pkts,0.023486550821531834,0.016473243069758843,0.0175307694284833,0.03313765996595374,0.012911586803975339,0.01995655395425299,0.023354893741762885,0.01723861368454896,0.029973448987718688
8,Fwd Pkt Len Max,0.02135948998604078,0.01573262788729635,0.019771051795663033,0.02169178814270711,0.00958806372046948,0.013347735840600557,0.00970186137934502,0.01017267543164858,0.02059576884637271
9,Fwd Pkt Len Min,0.007099414751138647,0.004129327048474202,0.007918123539123637,0.00710741432534175,0.004146626233584505,0.004449974479197388,0.003657193415010339,0.004231079242558654,0.004826857773218994
10,Fwd Pkt Len Mean,0.01192404212559162,0.007230905518964337,0.010943863092368281,0.009595999354145393,0.00556354860087154,0.006825929614084801,0.005185095950092055,0.005886905549550771,0.007952643260289579
11,Fwd Pkt Len Std,0.004925402293850441,0.0051987728643190356,0.00392992023988757,0.005328536437831664,0.0023510933221579425,0.00432126318098993,0.0018015657186433217,0.002945651466123039,0.006136270037589932
12,Bwd Pkt Len Max,0.022453480212098566,0.02575808291725603,0.0215506289736358,0.03700028304713775,0.015084686809237868,0.018249398277980854,0.020530358673361334,0.014387467621982692,0.02423953734474046
13,Bwd Pkt Len Min,0.015193356563176746,0.02016574286372049,0.012968551406032947,0.02643803884586121,0.011094264489792083,0.02145263546402756,0.017210694899530136,0.011356472742617536,0.015511222644936207
14,Bwd Pkt Len Mean,0.02068422410264708,0.02477547013621263,0.019844359199425295,0.03504281184505534,0.013713193201488557,0.022003297110293807,0.02277351581701425,0.013699739117248555,0.022868783297313813
15,Bwd Pkt Len Std,0.00491719872759022,0.006878312949988241,0.008797451208643937,0.010348793666998613,0.0038091538714100023,0.005280220094117845,0.00386788857129677,0.004958275553409471,0.0066827452104251065
16,Flow Byts/s,0.83125268678205,0.9023109308338284,0.8690138710521907,0.8436995786712437,0.8039272229466212,0.4760363550630421,0.6039720595603011,0.4790196011712897,1.0087709826717046
17,Flow Pkts/s,3.2997436250897976,2.068954566763911,3.3863799796916147,3.230083472753819,3.917803092499201,3.4422075002937995,2.507871528160005,2.0815889580359395,2.185991449672977
18,Flow IAT Mean,3.172526002223884,3.456457352730309,2.7729244844820604,1.8564135047875314,2.5674266251511626,4.327566419863192,3.4884368724328665,4.843141617689025,2.8287041120582956
19,Flow IAT Std,4.260839512570533,4.8471528600783715,4.576649377345709,4.165927168679779,2.5305114681733665,4.03180582030334,3.520522934336146,3.6120881241180514,4.371328546090048
20,Flow IAT Max,9.259410808760702,9.935823239400538,8.686009681477689,11.429678118209647,5.271977135428657,5.848260722746197,8.600117918532716,7.070719756399332,7.408768261407332
21,Flow IAT Min,1.0653111060822356,0.7228382054662139,0.6553468468144004,0.5618124302167982,1.2265526729192229,2.0743475055195324,0.8033544575211415,1.836091916363597,0.9093137012853804
22,Fwd IAT Tot,10.850162410162303,15.340232419054036,14.071802169134966,10.703805646612375,9.931237295153743,12.118469221188516,10.64357952823048,19.554381465463166,14.809498797924851
23,Fwd IAT Mean,4.957731627658638,6.0839229701014785,4.753152005268808,3.5591005244480045,3.3057261236328963,6.949950129616869,4.067943320655681,7.001051304038649,5.067761194767218
24,Fwd IAT Std,1.8129525334254866,1.0441145328464345,3.6750592782061062,1.8106355341940237,0.4481621430934745,2.0623055093879534,1.5923130539941117,1.1096660275824024,1.774348519281947
25,Fwd IAT Max,7.3467107079427905,5.086734257995419,7.1710015153246,7.251620589313632,3.2383933287761595,5.091935371706711,6.730563211457577,6.3478631902514,6.692227576991971
26,Fwd IAT Min,1.1796126470203991,0.7449493888738721,0.6416339628089641,0.553408579450846,1.1340989603598075,1.872782842370783,1.7021439305407982,2.7383735781351293,0.7530666268763444
27,Bwd IAT Tot,2.5900435342877723,1.3647199171903375,6.054374415549143,2.703130956540148,1.3403364815686754,3.000154168951525,3.0181480202148587,1.0008683291265725,1.3943983749729276
28,Bwd IAT Mean,3.961434447382537,4.6830161094269815,4.388948268177073,2.9784414312354,3.419343813664441,4.303483542759998,3.546594162269384,4.542128893998987,3.833991196890237
29,Bwd IAT Std,2.47904257098416,1.2176449272801455,3.36578622659855,1.3490711876939394,0.748776496578169,1.7297448077963538,2.653807423287477,1.0724455815882585,1.1794841753178762
30,Bwd IAT Max,2.0476439470003225,1.1779538056270136,4.079737234895805,1.1826441465797655,0.7187622493790492,2.1331883518199897,3.281548517298222,1.0317677066132944,1.158692974776254
31,Bwd IAT Min,0.2508776446893375,0.07634576422952846,0.09548651133607974,0.055694036739732,0.11850628050084369,0.14459883457725495,0.04947445591481037,0.10282555212480031,0.08547050087229838
32,Fwd PSH Flags,8.251381309713765e-05,1.0366709460546198e-05,7.547925806613588e-05,2.6970547479586867e-05,3.0139187033863502e-05,6.111742267422413e-05,1.270998117521681e-05,2.2371716692410835e-05,3.8331680068623475e-05
33,Bwd PSH Flags,7.19999255447874e-06,5.427451672075587e-06,1.6410289905094386e-06,1.2274867148621922e-05,1.516161813659917e-06,3.7186880851752193e-06,2.5770825972911224e-06,3.831346669850039e-06,2.4589707202920864e-06
34,Fwd URG Flags,5.803125958158893e-07,0.0,1.4242280544244243e-07,6.916438788822335e-08,1.8018448487661468e-07,4.727136939537659e-08,1.4945413703470776e-07,1.8727629766443796e-08,4.2381290525857675e-08
35,Bwd URG Flags,0.0,0.0,0.0,0.0,0.0,0.0,0.0,0.0,0.0
36,Fwd Header Len,0.02112582589791612,0.02265007579877209,0.029822889905641147,0.026193323233550177,0.017182492879359475,0.02136681769467074,0.016923268079139277,0.020814458531153296,0.020955589214877467
37,Bwd Header Len,0.019713025522737213,0.011164851594691206,0.013668012419613596,0.032430833869846395,0.015035022268488202,0.014620384610028255,0.012077678916482355,0.012676887721545831,0.01893477835822035
38,Fwd Pkts/s,3.1483540426239056,1.5871787824353014,2.6502843872731523,2.9037251034907774,3.2719841380371277,3.151317341359117,2.0357540932925344,1.925920941225531,1.9498572817013708
39,Bwd Pkts/s,0.35053369175175053,0.30550967080198244,0.21888672450798552,0.17197330779579617,0.16103338706801448,0.23024507825763071,0.5118405017142102,0.1526151986818891,0.1603376861634619
40,Pkt Len Min,0.01240049427526541,0.008335685794812156,0.013174563050775967,0.01721868011182044,0.010416337304329882,0.011284707732853186,0.016167206389171483,0.008998401654524526,0.015863932492220567
41,Pkt Len Max,0.022951249238502745,0.019979641814366705,0.019169869145339493,0.026064881866500144,0.014892298201600549,0.013935737159656606,0.016701043435766828,0.012761079535592013,0.022366773214913326
42,Pkt Len Mean,0.017850636853125136,0.01673826022263176,0.01721839476904386,0.02172969355454462,0.012606373645011363,0.012599481581062454,0.016681701614550026,0.009721510893627088,0.018744036930013756
43,Pkt Len Std,0.004896066940921722,0.0038178451998814337,0.004252753448368236,0.0043759961343752905,0.0024058263288773305,0.0021822543896005955,0.0023590098474290905,0.002531680008309551,0.0035426201580632407
44,Pkt Len Var,0.21320787786548676,0.44341952602844686,0.36212943366193784,0.25525945132667666,0.10489130700316059,0.12132538365358503,0.19235006657838666,0.10777630439787464,0.16476450253816002
45,FIN Flag Cnt,0.00014158752027686557,6.533919694393876e-05,0.00023725066595297416,0.0005811712823197851,0.00023951612793371926,0.00017303676354621145,0.00012378380854031985,0.00017445766846879924,0.0002017614325031211
46,SYN Flag Cnt,0.0005212688730497474,0.0004370239947571176,0.0003589173554171789,0.0005058900892105167,0.00044901141273486075,0.0005258785660924381,0.0004300641402337802,0.00041522087778200203,0.0004229202006817349
47,RST Flag Cnt,7.498334529571463e-05,7.093618262657802e-05,0.00010707481340737203,0.000754488276206358,0.00025021498200996896,8.956060455419338e-05,7.789592440192465e-05,6.984311577368185e-05,0.0003128366810696382
48,PSH Flag Cnt,0.00018433596906578317,0.00015129900256459407,0.00017025423395405513,0.0003369544363433826,0.0001232883077371464,0.00015008028150696246,0.0001768845108338207,0.00014059715371947878,0.00019968727103331275
49,ACK Flag Cnt,0.0004069263741006326,0.0002455127113872253,0.0005608200282259853,0.0009723474424709729,0.0004200340884504087,0.000325747205445597,0.00034196604896458003,0.0004008148578097473,0.0004005387187283175
50,URG Flag Cnt,1.3283644797031638e-05,8.879137625240218e-06,6.58585005052651e-06,1.177696334596779e-05,4.3002619407327085e-05,2.7875284817134295e-06,5.803615603993724e-06,3.7119624325404114e-05,5.699298864750092e-06
51,CWE Flag Count,5.655056632046276e-07,0.0,1.4558808574697145e-07,6.761346723780864e-08,1.79678464054531e-07,4.7310280332466296e-08,1.4646140181058502e-07,1.831965082601528e-08,4.2608760132780935e-08
52,ECE Flag Cnt,2.361984856586268e-06,9.028286688186427e-06,2.5440587945665568e-06,4.114843189151232e-06,4.354691729766732e-06,7.655683923678443e-06,3.039368121445985e-06,3.3688642717972322e-06,3.227105191014385e-06
53,Down/Up Ratio,0.0005657443225664517,0.0004136309488441496,0.0007483888314326129,0.0006951964732397246,0.00037876605178999097,0.0007738015491182157,0.0005211090765658229,0.0006383454025090933,0.00039486363848721835
54,Pkt Size Avg,0.025874830391667242,0.02533616410500476,0.026410409315040056,0.03330038272012178,0.01854639027379517,0.019902923132915588,0.02571050320446936,0.014912709573506915,0.02776104891883751
55,Fwd Seg Size Avg,0.011932564777886597,0.007275930477279119,0.010953229944685937,0.009549350279944352,0.005557862818086704,0.006804829206446388,0.005178981774672659,0.005862172028023302,0.007956015636177904
56,Bwd Seg Size Avg,0.02054798949649564,0.02473161845279448,0.019921689397529873,0.03501355004164504,0.013706370640133664,0.021810481879137405,0.022732436151158116,0.013769853862674684,0.022924758884239786
57,Fwd Byts/b Avg,0.0,0.0,0.0,0.0,0.0,0.0,0.0,0.0,0.0
58,Fwd Pkts/b Avg,0.0,0.0,0.0,0.0,0.0,0.0,0.0,0.0,0.0
59,Fwd Blk Rate Avg,0.0,0.0,0.0,0.0,0.0,0.0,0.0,0.0,0.0
60,Bwd Byts/b Avg,0.0,0.0,0.0,0.0,0.0,0.0,0.0,0.0,0.0
61,Bwd Pkts/b Avg,2.1082134544458795e-05,1.571083307928172e-05,1.673388003179746e-05,5.291988743407891e-05,1.807678890667588e-05,1.4681465321685386e-05,2.311344080481004e-05,2.2298344277946597e-05,3.799626635688695e-05
62,Bwd Blk Rate Avg,0.020046760086851086,0.023699808484431054,0.034006216472888116,0.08831628452763493,0.021583594313258826,0.017194565049934763,0.036720470129243864,0.03193721735202304,0.02052037735353485
63,Subflow Fwd Pkts,0.0003004867968073186,0.00015209041869451416,0.0002770970440735398,0.0003191651564934268,0.00017214784815685496,0.0003596226999441095,0.00020653681326867772,0.00017595042972683189,0.00019268641584973257
64,Subflow Fwd Byts,0.023553379411083576,0.013443437689782742,0.021119242182578102,0.015726310661894966,0.007032208079427185,0.011659469625938942,0.006624972793823403,0.006921585212196319,0.013316622079215485
65,Subflow Bwd Pkts,0.00023413240318602657,0.00017578740417484035,0.00018193435294378344,0.000263173240071505,0.00015919079547110432,0.00024278202670317928,0.0001891169880680823,0.00017606009387178582,0.00017797741691479057
66,Subflow Bwd Byts,0.037041984320108114,0.029133525977786533,0.026250015281169527,0.05353864953940814,0.02097437821938517,0.031217627423375388,0.04562764929996137,0.022011817929212953,0.040193960684853244
67,Init Fwd Win Byts,1.7554237861396043,1.2761747635237644,1.2947184556504925,2.1209178913927262,1.9858557414160303,1.947963954051616,1.612365167726739,1.3032674674421079,1.6947466246372442
68,Init Bwd Win Byts,0.1995868849523133,0.17958596528108034,0.16468337038890896,0.2201519436632678,0.18203630471455412,0.1365346202167516,0.13348888620377156,0.14216307944855458,0.11183516967133078
69,Fwd Act Data Pkts,0.00036343255841121377,0.0005340691151856939,0.0010549126235100755,0.0011794191591918504,0.00027034229971799534,0.0009237064780646996,0.0005365692559244057,0.00044743435667348217,0.0003362123041029394
70,Fwd Seg Size Min,0.006259916606697016,0.003491282322393629,0.008021216956553386,0.0049203669966232984,0.0037029964393557255,0.005450083302984923,0.005936746218318645,0.0043866580811343005,0.0033488338583045167
71,Active Mean,0.009504151726371366,0.010900628103954105,0.017402180407104114,0.012629655931645478,0.07065334342885077,0.011186014557933152,0.06378818121403688,0.008134877327037344,0.00639614361622051
72,Active Std,0.007382269030640055,0.009486056013309612,0.007324467354053484,0.0031225326008857456,0.006790567218634457,0.018251198285878005,0.0066367562669651685,0.004915578686548359,0.001669060977619127
73,Active Max,0.021196820350184085,0.029983638041108217,0.032425488943861824,0.013936639279417332,0.09881302205959588,0.03512770801461298,0.04220503677576316,0.011341213707102001,0.008154847551547054
74,Active Min,0.006755708635239692,0.008945551223524376,0.011748563814904352,0.00980976670525015,0.06465749941080133,0.00795196140077411,0.026565489465848035,0.005961822247051801,0.0040472429163381715
75,Idle Std,8.750742130306815,5.923562171123436,7.980623983571708,7.58781936900597,4.037352985695911,5.762682393913991,5.37703293529156,5.696526123221478,5.244208386949298
