,Run #,Fold #,Class,Accuracy,Precision,Recall,F1 Score
0,1,1,Botnet,0.97078115,0.99056894,0.97078115,0.9805752
1,1,1,DoS,0.95705336,0.9928837,0.95705336,0.9746393
2,1,1,MITM,0.9958259,0.97461337,0.9958259,0.9851055
3,1,1,Normal,0.64062035,0.8322356,0.64062035,0.7239636
4,1,1,Scanner,0.985088,0.9990926,0.985088,0.9920409
5,1,1,Brute force,0.9853906,0.9660918,0.9853906,0.9756458
6,1,1,Generic,0.99284226,0.99611014,0.99284226,0.9944735
7,1,1,Exploit,0.86404294,0.69629985,0.86404294,0.7711548
8,1,1,Infection,0.9525798,0.9330996,0.9525798,0.94273907
0,1,2,Botnet,0.9779368,0.99544764,0.9779368,0.9866145
1,1,2,DoS,0.96570235,0.9911234,0.96570235,0.97824776
2,1,2,MITM,0.99463165,0.97486115,0.99463165,0.98464715
3,1,2,Normal,0.68604654,0.8229614,0.68604654,0.7482927
4,1,2,Scanner,0.98956156,0.99849534,0.98956156,0.9940084
5,1,2,Brute force,0.9907573,0.9659884,0.9907573,0.9782161
6,1,2,Generic,0.992544,0.9964072,0.992544,0.99447185
7,1,2,Exploit,0.8440203,0.73107725,0.8440203,0.7834994
8,1,2,Infection,0.96094215,0.94019836,0.96094215,0.9504571
0,1,3,Botnet,0.97435135,0.995733,0.97435135,0.9849261
1,1,3,DoS,0.98151463,0.9780154,0.98151463,0.97976184
2,1,3,MITM,0.9976141,0.9729494,0.9976141,0.9851274
3,1,3,Normal,0.6156828,0.85224926,0.6156828,0.71490395
4,1,3,Scanner,0.9847897,0.9972818,0.9847897,0.9909964
5,1,3,Brute force,0.97584254,0.9654765,0.97584254,0.97063184
6,1,3,Generic,0.99314255,0.9943284,0.99314255,0.9937352
7,1,3,Exploit,0.88458097,0.698869,0.88458097,0.78083456
8,1,3,Infection,0.9639237,0.95679194,0.9639237,0.9603446
0,1,4,Botnet,0.96957946,0.99754524,0.96957946,0.98336357
1,1,4,DoS,0.96511626,0.9899083,0.96511626,0.97735506
2,1,4,MITM,0.99671936,0.96869564,0.99671936,0.9825077
3,1,4,Normal,0.6623919,0.82842225,0.6623919,0.73616177
4,1,4,Scanner,0.9868813,0.99939615,0.9868813,0.99309933
5,1,4,Brute force,0.9904563,0.9645658,0.9904563,0.9773396
6,1,4,Generic,0.996124,0.992278,0.996124,0.99419725
7,1,4,Exploit,0.8538622,0.7155711,0.8538622,0.7786238
8,1,4,Infection,0.95705336,0.944657,0.95705336,0.9508148
0,1,5,Botnet,0.977632,0.99363446,0.977632,0.9855682
1,1,5,DoS,0.9809126,0.954163,0.9809126,0.967353
2,1,5,MITM,0.99791294,0.96930206,0.99791294,0.98339945
3,1,5,Normal,0.73426783,0.7686544,0.73426783,0.75106776
4,1,5,Scanner,0.9889684,0.99849486,0.9889684,0.9937088
5,1,5,Brute force,0.98568445,0.9660918,0.98568445,0.9757898
6,1,5,Generic,0.9979123,0.9934679,0.9979123,0.99568516
7,1,5,Exploit,0.7561121,0.74698085,0.7561121,0.7515187
8,1,5,Infection,0.9516851,0.9752445,0.9516851,0.9633208
0,2,1,Botnet,0.97018486,0.9935878,0.97018486,0.98174685
1,2,1,DoS,0.9609305,0.9847188,0.9609305,0.9726792
2,2,1,MITM,0.99701846,0.97209305,0.99701846,0.984398
3,2,1,Normal,0.7363555,0.76486987,0.7363555,0.7503419
4,2,1,Scanner,0.98568445,0.9978865,0.98568445,0.991748
5,2,1,Brute force,0.9895647,0.95373565,0.9895647,0.9713199
6,2,1,Generic,0.99284226,0.9964083,0.99284226,0.99462205
7,2,1,Exploit,0.757901,0.7402446,0.757901,0.74896884
8,2,1,Infection,0.9519833,0.9390997,0.9519833,0.9454976
0,2,2,Botnet,0.98300534,0.9897929,0.98300534,0.98638743
1,2,2,DoS,0.9660006,0.9881025,0.9660006,0.97692657
2,2,2,MITM,0.99433345,0.97771263,0.99433345,0.985953
3,2,2,Normal,0.6681574,0.8257185,0.6681574,0.73862886
4,2,2,Scanner,0.98807037,0.9972908,0.98807037,0.9926592
5,2,2,Brute force,0.9868813,0.9698213,0.9868813,0.9782769
6,2,2,Generic,0.99224573,0.9910635,0.99224573,0.9916542
7,2,2,Exploit,0.8392484,0.72302157,0.8392484,0.7768116
8,2,2,Infection,0.9594514,0.9289838,0.9594514,0.9439719
0,2,3,Botnet,0.9761408,0.9918182,0.9761408,0.98391706
1,2,3,DoS,0.94871795,0.9928237,0.94871795,0.97026986
2,2,3,MITM,0.9991053,0.97582287,0.9991053,0.98732686
3,2,3,Normal,0.6314848,0.8485577,0.6314848,0.7241026
4,2,3,Scanner,0.9853862,0.9987908,0.9853862,0.9920432
5,2,3,Brute force,0.98329854,0.9665787,0.98329854,0.974867
6,2,3,Generic,0.994037,0.99641365,0.994037,0.9952239
7,2,3,Exploit,0.8804056,0.6940983,0.8804056,0.7762293
8,2,3,Infection,0.9597496,0.93875766,0.9597496,0.94913757
0,2,4,Botnet,0.9740531,0.9960354,0.9740531,0.98492163
1,2,4,DoS,0.9621348,0.9917025,0.9621348,0.9766949
2,2,4,MITM,0.99463165,0.9720198,0.99463165,0.9831957
3,2,4,Normal,0.7682672,0.7572017,0.7682672,0.76269436
4,2,4,Scanner,0.9877758,0.9987941,0.9877758,0.99325436
5,2,4,Brute force,0.9910528,0.9584655,0.9910528,0.9744868
6,2,4,Generic,0.994037,0.9958184,0.994037,0.99492687
7,2,4,Exploit,0.77423203,0.75443184,0.77423203,0.7642037
8,2,4,Infection,0.95317626,0.9861154,0.95317626,0.969366
0,2,5,Botnet,0.97703546,0.99302816,0.97703546,0.9849669
1,2,5,DoS,0.96928126,0.9893455,0.96928126,0.9792106
2,2,5,MITM,0.9976148,0.9746577,0.9976148,0.9860026
3,2,5,Normal,0.7473904,0.7557298,0.7473904,0.75153697
4,2,5,Scanner,0.98747766,0.99668974,0.98747766,0.99206233
5,2,5,Brute force,0.98717564,0.9729571,0.98717564,0.98001474
6,2,5,Generic,0.9940352,0.9940352,0.9940352,0.9940352
7,2,5,Exploit,0.7543232,0.7337587,0.7543232,0.7438988
8,2,5,Infection,0.9576499,0.96687746,0.9576499,0.96224153
0,3,1,Botnet,0.97018486,0.9929814,0.97018486,0.9814508
1,3,1,DoS,0.9612287,0.986532,0.9612287,0.973716
2,3,1,MITM,0.9985092,0.9693198,0.9985092,0.98369807
3,3,1,Normal,0.7769162,0.73030555,0.7769162,0.75289017
4,3,1,Scanner,0.9874739,0.99608904,0.9874739,0.99176276
5,3,1,Brute force,0.9794276,0.9656085,0.9794276,0.9724689
6,3,1,Generic,0.9937369,0.9946269,0.9937369,0.99418175
7,3,1,Exploit,0.7137746,0.7685393,0.7137746,0.7401453
8,3,1,Infection,0.9555622,0.9357477,0.9555622,0.94555116
0,3,2,Botnet,0.98062015,0.996063,0.98062015,0.98828125
1,3,2,DoS,0.9490009,0.98727894,0.9490009,0.9677616
2,3,2,MITM,0.9970176,0.9757735,0.9970176,0.98628116
3,3,2,Normal,0.75491947,0.75491947,0.75491947,0.7549195
4,3,2,Scanner,0.98956156,0.9993976,0.98956156,0.9944553
5,3,2,Brute force,0.9836017,0.96744865,0.9836017,0.9754583
6,3,2,Generic,0.9937369,0.9964115,0.9937369,0.9950724
7,3,2,Exploit,0.74560094,0.73877066,0.74560094,0.74217004
8,3,2,Infection,0.9621348,0.9441194,0.9621348,0.9530419
0,3,3,Botnet,0.976439,0.9921212,0.976439,0.98421764
1,3,3,DoS,0.96094215,0.9898649,0.96094215,0.9751891
2,3,3,MITM,0.99075454,0.9741936,0.99075454,0.98240423
3,3,3,Normal,0.6282051,0.8475463,0.6282051,0.7215753
4,3,3,Scanner,0.98777217,0.9984926,0.98777217,0.99310344
5,3,3,Brute force,0.9835968,0.9705709,0.9835968,0.97704047
6,3,3,Generic,0.9934407,0.9940334,0.9934407,0.993737
7,3,3,Exploit,0.88070387,0.69794375,0.88070387,0.77874476
8,3,3,Infection,0.9490161,0.92771786,0.9490161,0.93824613
0,3,4,Botnet,0.9761408,0.9933232,0.9761408,0.98465705
1,3,4,DoS,0.98568875,0.9510932,0.98568875,0.9680821
2,3,4,MITM,0.998807,0.97411287,0.998807,0.98630536
3,3,4,Normal,0.66925144,0.7653479,0.66925144,0.71408117
4,3,4,Scanner,0.9868813,0.998793,0.9868813,0.9928014
5,3,4,Brute force,0.98210555,0.9665395,0.98210555,0.9742603
6,3,4,Generic,0.9952296,0.9955264,0.9952296,0.99537796
7,3,4,Exploit,0.7849687,0.7052519,0.7849687,0.7429781
8,3,4,Infection,0.94452727,0.9795855,0.94452727,0.961737
0,3,5,Botnet,0.97822845,0.9963548,0.97822845,0.9872084
1,3,5,DoS,0.96063226,0.9895545,0.96063226,0.97487897
2,3,5,MITM,0.9982111,0.9721254,0.9982111,0.9849956
3,3,5,Normal,0.7250224,0.78116965,0.7250224,0.7520495
4,3,5,Scanner,0.9868813,0.998793,0.9868813,0.9928014
5,3,5,Brute force,0.98180735,0.9668135,0.98180735,0.97425276
6,3,5,Generic,0.99671936,0.99286985,0.99671936,0.99479085
7,3,5,Exploit,0.7880143,0.7409588,0.7880143,0.7637625
8,3,5,Infection,0.9579481,0.93781024,0.9579481,0.9477722
0,4,1,Botnet,0.97584975,0.996954,0.97584975,0.98628896
1,4,1,DoS,0.9665971,0.98660576,0.9665971,0.9764989
2,4,1,MITM,0.9976148,0.9709808,0.9976148,0.9841176
3,4,1,Normal,0.68654937,0.8364826,0.68654937,0.75413597
4,4,1,Scanner,0.98807037,0.9993967,0.98807037,0.9937013
5,4,1,Brute force,0.98121643,0.96623605,0.98121643,0.9736686
6,4,1,Generic,0.99582464,0.99434185,0.99582464,0.9950827
7,4,1,Exploit,0.8619559,0.7356234,0.8619559,0.79379463
8,4,1,Infection,0.9537727,0.9389313,0.9537727,0.94629383
0,4,2,Botnet,0.9761479,0.9945322,0.9761479,0.9852543
1,4,2,DoS,0.960334,0.9913793,0.960334,0.9756098
2,4,2,MITM,0.99821055,0.97324806,0.99821055,0.9855712
3,4,2,Normal,0.6109123,0.86164844,0.6109123,0.71493363
4,4,2,Scanner,0.98777217,0.99789095,0.98777217,0.9928058
5,4,2,Brute force,0.9889684,0.9642442,0.9889684,0.97644985
6,4,2,Generic,0.99433345,0.99492687,0.99433345,0.99463004
7,4,2,Exploit,0.9054578,0.6998617,0.9054578,0.7894942
8,4,2,Infection,0.9564699,0.950237,0.9564699,0.9533433
0,4,3,Botnet,0.9713689,0.9948076,0.9713689,0.98294854
1,4,3,DoS,0.9624329,0.988365,0.9624329,0.9752266
2,4,3,MITM,0.9985088,0.97240776,0.9985088,0.98528546
3,4,3,Normal,0.7930829,0.72321916,0.7930829,0.75654155
4,4,3,Scanner,0.98568445,0.9969834,0.98568445,0.9913017
5,4,3,Brute force,0.9773337,0.9692399,0.9773337,0.97326994
6,4,3,Generic,0.99224806,0.99462044,0.99224806,0.9934329
7,4,3,Exploit,0.6883388,0.7491074,0.6883388,0.71743864
8,4,3,Infection,0.9490161,0.93700325,0.9490161,0.9429714
0,4,4,Botnet,0.9749478,0.99391913,0.9749478,0.9843421
1,4,4,DoS,0.9582588,0.9892275,0.9582588,0.9734969
2,4,4,MITM,0.9940352,0.97115386,0.9940352,0.98246133
3,4,4,Normal,0.6474799,0.8311639,0.6474799,0.7279128
4,4,4,Scanner,0.990161,0.9972973,0.990161,0.99371636
5,4,4,Brute force,0.97942144,0.9770902,0.97942144,0.97825444
6,4,4,Generic,0.9952296,0.9952296,0.9952296,0.9952296
7,4,4,Exploit,0.85982704,0.7109741,0.85982704,0.77834773
8,4,4,Infection,0.9654041,0.92538595,0.9654041,0.94497156
0,4,5,Botnet,0.9749478,0.9930134,0.9749478,0.9838977
1,4,5,DoS,0.945422,0.99124455,0.945422,0.9677912
2,4,5,MITM,0.99791294,0.9684606,0.99791294,0.9829662
3,4,5,Normal,0.6859529,0.76259947,0.6859529,0.7222484
4,4,5,Scanner,0.98747766,0.99789095,0.98747766,0.992657
5,4,5,Brute force,0.9815091,0.9651026,0.9815091,0.97323674
6,4,5,Generic,0.9940352,0.9964126,0.9940352,0.99522245
7,4,5,Exploit,0.77310675,0.7059624,0.77310675,0.73801047
8,4,5,Infection,0.9591411,0.9265341,0.9591411,0.94255567
0,5,1,Botnet,0.98002386,0.9963625,0.98002386,0.9881257
1,5,1,DoS,0.9800179,0.9744958,0.9800179,0.977249
2,5,1,MITM,0.9949314,0.9771596,0.9949314,0.98596543
3,5,1,Normal,0.720847,0.76584285,0.720847,0.74266404
4,5,1,Scanner,0.9889651,0.99669373,0.9889651,0.99281436
5,5,1,Brute force,0.9853906,0.9604766,0.9853906,0.9727741
6,5,1,Generic,0.99433345,0.99552107,0.99433345,0.99492687
7,5,1,Exploit,0.7668456,0.72840554,0.7668456,0.7471314
8,5,1,Infection,0.95317626,0.9711334,0.95317626,0.96207106
0,5,2,Botnet,0.97257006,0.99633473,0.97257006,0.984309
1,5,2,DoS,0.9579481,0.99289024,0.9579481,0.97510624
2,5,2,MITM,0.9979123,0.97380674,0.9979123,0.9857121
3,5,2,Normal,0.78861064,0.7542059,0.78861064,0.77102464
4,5,2,Scanner,0.9904563,0.99639964,0.9904563,0.993419
5,5,2,Brute force,0.98389983,0.9654769,0.98389983,0.97460127
6,5,2,Generic,0.99433345,0.99492687,0.99433345,0.99463004
7,5,2,Exploit,0.73546076,0.7754717,0.73546076,0.75493646
8,5,2,Infection,0.96034586,0.9344357,0.96034586,0.94721365
0,5,3,Botnet,0.9713689,0.99571997,0.9713689,0.98339367
1,5,3,DoS,0.96839595,0.98394424,0.96839595,0.9761082
2,5,3,MITM,0.998807,0.9710061,0.998807,0.98471034
3,5,3,Normal,0.6353608,0.84362626,0.6353608,0.72483
4,5,3,Scanner,0.985088,0.9996973,0.985088,0.9923389
5,5,3,Brute force,0.9755443,0.9703352,0.9755443,0.97293276
6,5,3,Generic,0.9934407,0.995221,0.9934407,0.99433005
7,5,3,Exploit,0.8765285,0.69843155,0.8765285,0.7774104
8,5,3,Infection,0.95527726,0.9415222,0.95527726,0.94834983
0,5,4,Botnet,0.9761408,0.9951353,0.9761408,0.9855465
1,5,4,DoS,0.9794276,0.96362567,0.9794276,0.97146237
2,5,4,MITM,0.99821055,0.9709893,0.99821055,0.9844117
3,5,4,Normal,0.61825234,0.8406326,0.61825234,0.71249354
4,5,4,Scanner,0.9910554,0.9978985,0.9910554,0.9944652
5,5,4,Brute force,0.9830003,0.96742004,0.9830003,0.9751479
6,5,4,Generic,0.99463326,0.99463326,0.99463326,0.99463326
7,5,4,Exploit,0.8780197,0.69862366,0.8780197,0.7781156
8,5,4,Infection,0.9513868,0.97762793,0.9513868,0.96432894
0,5,5,Botnet,0.976439,0.9939284,0.976439,0.98510605
1,5,5,DoS,0.96331644,0.99110156,0.96331644,0.97701156
2,5,5,MITM,0.9952296,0.9723274,0.9952296,0.98364526
3,5,5,Normal,0.62570834,0.86981755,0.62570834,0.7278404
4,5,5,Scanner,0.9850924,0.99728346,0.9850924,0.99115044
5,5,5,Brute force,0.98956156,0.963135,0.98956156,0.97616947
6,5,5,Generic,0.9940352,0.9964126,0.9940352,0.99522245
7,5,5,Exploit,0.8941562,0.70948666,0.8941562,0.7911885
8,5,5,Infection,0.96212345,0.93453074,0.96212345,0.9481264
